Confidence Level,Tail Probability,VaR Return Threshold,VaR Amount
0.95,0.050000000000000044,-0.014615007990926899,2836.64918831097
0.99,0.010000000000000009,-0.02708504138220285,5256.976985567975
